{
  "movement": "string",
  "movement_data": {
    "0": {
      "w": [0.7089840442201072, 0.7147679668348959, 0.7150084969766337, 0.7106472601860757, 0.7048020555928224, 0.6892669981412213, 0.6656501906664803, 0.6492760153232683, 0.6468369962456001, 0.6623467522882669, 0.7068608520265881, 0.7481228382066482, 0.7766643049234061, 0.7608155412850763, 0.7445221097467222, 0.7253072915851733, 0.7091996906694835, 0.6933281183498932, 0.6829915604029309, 0.6746461129205881, 0.6658567671868779, 0.6543679175794245, 0.6413313259190216, 0.639915813917314],
      "z": [0.0, 0.009476016524814501, 0.01534375379138811, 0.03276346579052014, 0.07210243488634246, 0.13696171167282442, 0.21818226710175873, 0.28534934093212894, 0.33798855647358, 0.34579895197497856, 0.2854387916882388, 0.17452430426641874, 0.04138570208619974, -0.07416909473891786, -0.14474302780983644, -0.1665534274692161, -0.15936760904396158, -0.11766559704220378, -0.06430658251759178, -0.023643771876454417, 0.007407492321053005, 0.037011351804203535, 0.061255871913053844, 0.06756318418937224],
      "x": [0.7040780690159946, 0.6975370652543792, 0.6962449529006698, 0.6974943019649722, 0.6975284649979215, 0.7033653874050682, 0.7063863860819729, 0.7014428003270782, 0.6835366485319654, 0.6638824288157983, 0.64525598627985, 0.6369497296572106, 0.6255411165327528, 0.6419136482298196, 0.6508240478019154, 0.667906202647801, 0.6865946907173981, 0.7101720441788655, 0.7266836877259966, 0.7367316929349371, 0.744702328091079, 0.7541147911612062, 0.7638138085093501, 0.7643576343314157],
      "y": [0.04019583919887312, 0.0495875309384223, 0.06140290632175513, 0.08607355442120171, 0.10728201168362095, 0.10690960055169205, 0.101610331195198, 0.07067232555596498, 0.011972767782526456, -0.031304510158064125, -0.05017162507310782, -0.06441011337997896, -0.061467301949494735, -0.060046197572325155, -0.034123931341412145, -0.00951989230993569, 0.015021066939198746, 0.033266941296445, 0.036304891846475784, 0.03898793465781397, 0.04470308273668194, 0.04175885958548908, 0.03911935897687541, 0.041237155444113216]
    },
    "1": {
      "y": [-0.16277936712381377, -0.16109596894324435, -0.15973334664785344, -0.16333401718725077, -0.17664566804378973, -0.19315236336224093, -0.19621626934627484, -0.1822040177382107, -0.19991346813446778, -0.2483875365432969, -0.29045324276775614, -0.3154748582383088, -0.3192819265848375, -0.3484975249789782, -0.3431981572394291, -0.35704874602286957, -0.34889735278162737, -0.34311563161423225, -0.3179716591771107, -0.28414551401151966, -0.26393315133238404, -0.2609615187178758, -0.2634884512150417, -0.24987505886229625, -0.23740534618875692, -0.22891790115991287, -0.22674812092339255],
      "x": [0.6244625007918514, 0.6173923379663253, 0.6161059146106784, 0.6194338998302602, 0.6368826506274824, 0.6582159229706493, 0.6887738104312809, 0.7122700841004085, 0.7156855557020971, 0.7014695305275912, 0.698317128897126, 0.695465751968992, 0.6691363762128089, 0.6382713795063472, 0.5777639124803892, 0.5304777676037492, 0.5075771161705639, 0.5216619964618813, 0.54384862337156, 0.5604084302861022, 0.5704266500014441, 0.5872287966373637, 0.6009349951201419, 0.5937065430556617, 0.5829357641297039, 0.5865590030734945, 0.584204022275797],
      "w": [0.7639042477336331, 0.769976503908525, 0.7712345132319616, 0.7676757618827552, 0.7491552059301402, 0.7203071547832702, 0.6704927293754984, 0.6152346454551163, 0.5797727736186198, 0.5748012773516157, 0.5682078701404768, 0.571889204147247, 0.6073623075074474, 0.6177340401921324, 0.6570191266196128, 0.669736518123313, 0.6811924187251914, 0.6792742067867246, 0.6939866057432804, 0.7265178917825541, 0.7525833105922276, 0.7553252313522839, 0.7506307825579547, 0.7623780051547312, 0.7745524579715206, 0.774308525835093, 0.776783664628474],
      "z": [0.0, -0.0033225033759612457, -0.009807393205692166, -0.01725407416276913, -0.04408373301316128, -0.10296475995258932, -0.19372512973234238, -0.2845339266097187, -0.3342041661966247, -0.3403642499125157, -0.32423746698947986, -0.29957615005929417, -0.2853534232942269, -0.29927225995922035, -0.3416576316298918, -0.3775746074577268, -0.39574360629114647, -0.38565143892316595, -0.3485762494502023, -0.2781644734076729, -0.19639587963286942, -0.1286292899661622, -0.07748858042753448, -0.06208769051822347, -0.06239630623175041, -0.06317906043684238, -0.06243621613620095]
    },
    "2": {
      "w": [0.7781141372009672, 0.7763308161729531, 0.7780965461662164, 0.7732236871868579, 0.7532445918301701, 0.7072903016775729, 0.6994569987589349, 0.698490955247122, 0.6843399327656305, 0.6976481551173507, 0.6785847589661342, 0.6751578458226142, 0.6653561787672239, 0.6350481631870454, 0.6170207848664272, 0.6151203129439894, 0.6124660185428408, 0.6210085384534006, 0.6521661432471753, 0.6908816985033929, 0.747587368505191, 0.764638593374655, 0.7646858385255267, 0.761091187926463, 0.7662244858407619, 0.765596735304747, 0.7642239970220605, 0.7613215026184493, 0.7573872392421759, 0.7645520630221796, 0.7705031412433858, 0.7739913924695412, 0.7755022124124824],
      "z": [0.0, -0.0010963302520462098, 0.002130987733424211, 0.00884515990202929, 0.0060042563362518175, -0.010193566491089587, -0.016049077417200366, -0.030818505890967157, -0.030187145377505317, -0.022798124474479875, -0.0350424235439898, -0.08429417611916308, -0.14104910196118256, -0.2224141481424427, -0.27933105570003225, -0.2926806043109372, -0.29005889220552095, -0.2969781647575712, -0.2986027518405216, -0.2914154215040963, -0.2890183588674668, -0.30056613301187207, -0.30237338281859955, -0.2934459061842909, -0.25441337171019746, -0.1896570962778174, -0.11791360013211236, -0.04974668875557724, -0.000612926556702309, 0.015164261637272733, 0.014718892487706692, 0.011147387311455315, 0.005763347769232152],
      "x": [0.622090414339485, 0.624046531758741, 0.6219848975923056, 0.6280340471364746, 0.6501309690208169, 0.6976231918815536, 0.7084988187810515, 0.7117792102602316, 0.7237566341382357, 0.7099546325906999, 0.7239139546901466, 0.7201975247739741, 0.7179500722501873, 0.72887832715764, 0.7254446656266998, 0.7174161963382668, 0.7112792225098055, 0.6952699399038111, 0.658494072773776, 0.6150443383723289, 0.5478240817915523, 0.5197817391684106, 0.5198175991547853, 0.5337525338887896, 0.5544992158297337, 0.5884163410430964, 0.6123293738436679, 0.6233835185654363, 0.6283011533307232, 0.6221068976784502, 0.6179550248347238, 0.61605622520962, 0.6147155235730491],
      "y": [-0.08684231198217138, -0.08874097669200953, -0.08772667662453185, -0.08729317337093251, -0.09957943053412764, -0.11383404248995817, -0.09236659975713907, -0.06731093847841965, -0.08332943689348632, -0.09344274082771023, -0.119344421710322, -0.13554224340536258, -0.14816855009152205, -0.12641985034381936, -0.12243143454780234, -0.14587269240277334, -0.18663555654460873, -0.2067657378105433, -0.2278182310184363, -0.24388463884778946, -0.2397290506541412, -0.23412537813505635, -0.2315499587915192, -0.22301946638436998, -0.201753065796799, -0.1779266495984318, -0.16465339123572598, -0.17119485240020244, -0.17776884798406323, -0.16796766705396698, -0.15569105306711856, -0.14590269776196474, -0.14383271012316537]
    },
    "3": {
      "x": [0.6451078046964563, 0.6434081591580975, 0.6470176045798731, 0.6497740493220507, 0.6532246938133929, 0.6590667919805681, 0.6697097415776176, 0.6889390175417454, 0.6917446731978909, 0.6779217926001242, 0.6533712354305281, 0.611595175651277, 0.557709171011299, 0.5128203502517128, 0.4982801086126072, 0.5075573334276812, 0.5462544507415308, 0.5858225492872557, 0.6261985686219125, 0.6681458740912751, 0.6988819128376073, 0.7236124304051736, 0.722675077840693, 0.6869925608149531, 0.6273326377873949, 0.58669582453023, 0.5546596958727757, 0.5637396856823016, 0.6076662236197194, 0.6491582617549938, 0.6728558710246504, 0.6779832734579561, 0.6740141180690649, 0.6744532411476684, 0.6682548552119868, 0.6636676183633669],